<?xml version="1.0" encoding="UTF-8" standalone="yes"?>
<addon
   id="superrepo.bundle.147455"
   name="SR Bundle: Pokemon"
   version="1.0.0-d0"
   provider-name="SuperRepo Bundle Builder">
  <requires>
<import addon="plugin.video.pokemon.tva" version="0.0.1" optional="false"/>
</requires>
    <extension point="xbmc.addon.repository" />    
	<extension point="xbmc.addon.metadata">
		<summary>Uninstall this bundle installer. It's job is done.</summary>
		<description>Uninstall this placeholder once the bundle is installed. It's job is done. Get more bundles from SuperRepo.org![CR][CR]Addons installed using this bundle are:[CR]- Pokémon Now[CR][CR][CR][CR][CR]</description>
		<disclaimer>This bundle is created at SuperRepo.org[CR]</disclaimer>
		<platform>all</platform>
		<license>GNU GENERAL PUBLIC LICENSE. Version 2, June 1991</license>
	</extension>
</addon>